{
  "train_mse": 0.4999241828918457,
  "test_mse": 0.500007152557373,
  "generalization_gap": 8.296966552734375e-05,
  "generalization_ratio": 1.0001659393310547,
  "generalizes_well": true
}